{
  "accuracy": 0.9666666666666667,
  "f1_score": 0.9665831244778612,
  "precision": 0.9696969696969697,
  "recall": 0.9666666666666667,
  "timestamp": "2025-12-21T19:55:15.486536"
}